"Issue Name","Issue Type","Issue Priority","URLs","% of Total","Description","How To Fix","Help URL"
"Meta Description: Below 400 Pixels","Opportunity","Low","3","13.640","Pages which have meta descriptions much shorter than Google's estimated pixel length limit. This isn't necessarily an issue, but it does indicate there might be room to communicate benefits, USPs or call to actions.","Consider updating the meta description to take advantage of the space left to include additional benefits, USPs or call to actions to improve click through rates (CTR).",""
"URL: Uppercase","Warning","Low","1","1.670","URLs that have uppercase characters within them. URLs are case sensitive, so as best practice generally URLs should be lowercase, to avoid any potential mix ups and duplicate URLs.","Ideally lowercase characters should be used for URLs only. However, changing URLs is a big decision, and often it's not worth changing them for SEO purposes alone. If URLs are changed, then appropriate 301 redirects must be implemented.",""
"Security: Missing X-Frame-Options Header","Warning","Low","30","50.000","URLs missing an X-Frame-Options response header with a 'DENY' or 'SAMEORIGIN' value. This instructs the browser not to render a page within a frame, iframe, embed or object. This helps avoid 'clickjacking' attacks, where your content is displayed on another web page that is controlled by an attacker.","To minimise security issues, the X-Frame-Options response header should be supplied with a 'DENY' or 'SAMEORIGIN' value.",""
"Page Titles: Over 60 Characters","Opportunity","Medium","8","36.360","Pages which have page titles that exceed the configured limit. Characters over this limit might be truncated in Google's search results and carry less weight in scoring.","Write concise page titles to ensure important words are not truncated in the search results, not visible to users and potentially weighted less in scoring.",""
"Canonicals: Missing","Warning","Medium","3","13.640","Pages that have no canonical URL present either as a link element, or via HTTP header. If a page doesn't indicate a canonical URL, Google will identify what they think is the best version or URL. This can lead to ranking unpredictability when there are multiple versions discovered, and hence generally all URLs should specify a canonical version","Specify a canonical URL for every page to avoid any potential ranking unpredictability if multiple versions of the same page are discovered on different URLs.",""
"URL: Parameters","Warning","Low","1","1.670","URLs that include parameters such as '?' or '&'. This isn't an issue for Google or other search engines to crawl unless at significant scale, but it's recommended to limit the number of parameters in a URL which can be complicated for users, and can be a sign of low value-add URLs.","Where possible use a static URL structure without parameters for key indexable URLs. However, changing URLs is a big decision, and often it's not worth changing them for SEO purposes alone. If URLs are changed, then appropriate 301 redirects must be implemented.",""
"Content: Low Content Pages","Opportunity","Medium","11","50.000","Pages with a word count that is below the default 200 words. The word count is based upon the content area settings used in the analysis which can be configured via 'Config > Content > Area'. There isn't a minimum word count for pages in reality, but the search engines do require descriptive text to understand the purpose of a page. This filter should only be used as a rough guide to help identify pages that might be improved by adding more descriptive content in the context of the website and page's purpose. Some websites, such as ecommerce, will naturally have lower word counts, which can be acceptable if a products details can be communicated efficiently.","Consider including additional descriptive content to help the user and search engines better understand the page.",""
"Security: Missing X-Content-Type-Options Header","Warning","Low","30","50.000","URLs that are missing the 'X-Content-Type-Options' response header with a 'nosniff' value. In the absence of a MIME type, browsers may 'sniff' to guess the content type to interpret it correctly for users. However, this can be exploited by attackers who can try and load malicious code, such as JavaScript via an image they have compromised.","To minimise security issues, the X-Content-Type-Options response header should be supplied and set to 'nosniff'. This instructs browsers to rely only on the Content-Type header and block anything that does not match accurately. This also means the content-type set needs to be accurate.",""
"Page Titles: Over 561 Pixels","Opportunity","Medium","8","36.360","Pages which have page titles over Google's estimated pixel length limit for titles in search results. Google snippet length is actually based upon pixels limits, rather than a character length. The SEO Spider tries to match the latest pixel truncation points in the SERPs, but it is an approximation and Google adjusts them frequently.","Write concise page titles to ensure important words are not truncated in the search results, not visible to users and potentially weighted less in scoring.",""
"Meta Description: Over 985 Pixels","Opportunity","Low","5","22.730","Pages which have meta descriptions over Google's estimated pixel length limit for snippets. Google snippet length is actually based upon pixels limits, rather than a character length. The SEO Spider tries to match the latest pixel truncation points in the SERPs, but it is an approximation and Google adjusts them frequently.","Write concise meta descriptions to ensure important words are not truncated in the search results, and not visible to users.",""
"Canonicals: Canonicalised","Warning","High","1","4.550","Pages that have a canonical to a different URL. The URL is 'canonicalised' to another location. This means the search engines are being instructed to not index the page, and the indexing and linking properties should be consolidated to the URL in the canonical.","These URLs should be reviewed carefully to ensure the indexing and link signals are being consolidated to the correct URL. In a perfect world, a website wouldn't need to canonicalise any URLs as only canonical versions would be linked to internally on a website, but often they are required due to various circumstances outside of control, and to prevent duplicate content. Update internal links to canonical versions of URLs where possible.",""
"Links: Pages With High External Outlinks","Warning","Low","7","31.820","Pages that have a high number of followed external outlinks on them based upon the 'High External Outlinks' preferences under 'Config > Spider > Preferences'. External outlinks are hyperlinks to another subdomain or domain (depending on your configuration). This might be completely valid, such as linking to another part of the same root domain, or linking to other useful websites. External followed outlinks can be seen in the 'Outlinks' tab, with the 'All Link Types' filter set to 'Hyperlinks' where the 'Follow' column is 'True'.","Review followed external outlinks to ensure they are to credible, trusted and relevant websites that are useful to your users.",""
"Meta Description: Over 155 Characters","Opportunity","Low","5","22.730","Pages which have meta descriptions over the configured limit. Characters over this limit might be truncated in Google's search results.","Write concise meta descriptions to ensure important words are not truncated in the search results, and not visible to users.",""
"Security: Missing Content-Security-Policy Header","Warning","Low","30","50.000","URLs that are missing the Content-Security-Policy response header. This header allows a website to control which resources are loaded for a page. This policy can help guard against cross-site scripting (XSS) attacks that exploit the browser's trust of the content received from the server. The SEO Spider only checks for existence of the header, and does not interrogate the policies found within the header to determine whether they are well set-up for the website. This should be performed manually.","Set a strict Content-Security-Policy response header across all page to help mitigate cross site scripting (XSS) and data injection attacks.",""
"Response Codes: Internal Blocked by Robots.txt","Warning","High","1","1.050","Internal URLs blocked by the site's robots.txt. This means they cannot be crawled and is a critical issue if you want the page content to be crawled and indexed by search engines. View URLs that link to URLs blocked by robots.txt using the lower 'inlinks' tab and export them in bulk via 'Bulk Export > Response Codes > Internal > Blocked by Robots.txt inlinks'.","Review URLs to ensure they should be disallowed. If they are incorrectly disallowed, then the site's robots.txt should be updated to allow them to be crawled. Consider whether you should be linking internally to these URLs and remove links where appropriate.",""
"H2: Duplicate","Opportunity","Low","3","13.640","Pages which have duplicate <h2>s. It's important to have distinct, unique and useful pages. If every page has the same <h2>, then it can make it more challenging for users and the search engines to understand one page from another.","Update duplicate <h2>s as necessary, so important pages contain a unique and descriptive <h2> for users and search engines.  If these are duplicate pages, then fix the duplicated pages by linking to a single version, and redirect or use canonicals where appropriate.",""
"Security: Missing HSTS Header","Warning","Low","30","50.000","URLs that are missing the HSTS response header. The HTTP Strict-Transport-Security response header (HSTS) instructs browsers that it should only be accessed using HTTPS, rather than HTTP. If a website accepts a connection to HTTP, before being redirected to HTTPS, visitors will initially still communicate over HTTP. The HSTS header instructs the browser to never load over HTTP and to automatically convert all requests to HTTPS.","The HSTS header should be used across all pages to instruct the browser that it should always request pages via HTTPS, rather than HTTP.",""
"Security: Missing Secure Referrer-Policy Header","Warning","Low","30","50.000","URLs missing 'no-referrer-when-downgrade', 'strict-origin-when-cross-origin', 'no-referrer' or 'strict-origin' policies in the Referrer-Policy header. When using HTTPS, it's important that the URLs do not leak in non-HTTPS requests. This can expose users to 'man in the middle' attacks, as anyone on the network can view them.","Consider setting a referrer policy of strict-origin-when-cross-origin. It retains much of the referrer's usefulness, while mitigating the risk of leaking data cross-origins.",""
"Meta Description: Below 70 Characters","Opportunity","Low","4","18.180","Pages which have meta descriptions below the configured limit. This isn't strictly an issue, but an opportunity. There is additional room to communicate benefits, USPs or call to actions.","Consider updating the meta description to take advantage of the space left to include additional benefits, USPs or call to actions to improve click through rates (CTR).",""
"Page Titles: Outside <head>","Issue","High","3","13.640","Pages with a <title> element that is outside of the <head> element in the HTML. The page <title> should be within the <head> element, or search engines may ignore it. Google will often still recognise the page title even outside of the <head> element, however this should not be relied upon.","Ensure the page <title> element is in the <head> element of a page's HTML so that browsers can use it at the top of their window, and search engines can use it in scoring.",""
"Images: Missing Alt Text","Issue","Low","4","22.220","Images that have an alt attribute, but are missing alt text. Click the address of the image and then the 'Image Details' tab in the lower window pane to view which pages have the image on them, and are missing alt text. Images should have descriptive alternative text about its purpose, which helps the blind and visually impaired, and the search engines understand it and its relevance to the web page.","Include descriptive alt text for images to help users and the search engines understand them better. Where possible, decorative images should be provided using CSS background images or alternatively a null (empty) alt text should be provided (alt="""") so that they can be ignored by assistive technologies, such as screen readers.",""
"H2: Multiple","Warning","Low","10","45.450","Pages which have multiple <h2>s. This is not an issue as HTML standards allow multiple <h2>'s when used in a logical hierarchical heading structure. However, this filter can help you quickly scan to review if they are used appropriately.","Ensure <h2>s are used in a logical hierarchical heading structure, and update where appropriate utilising the full heading rank between (h3 - h6) for additional headings.",""
"Images: Over 100 kB","Opportunity","Medium","9","50.000","Large images over a size threshold. Page speed is extremely important for users and SEO and often large resources such as images are one of the most common issues that slow down web pages. This filter simply acts as a general rule of thumb to help identify images that are fairly large in file size and may take longer to load. These should be considered for optimisation, alongside opportunities identified in the PageSpeed tab which uses the PSI API and Lighthouse to audit speed. This can help identify images that haven't been optimised in size, load offscreen, are unoptimised etc.","Uncompressed images bloat pages with unnecessary bytes, so ensure images are optimised with compression, properly scaled, and using the best image format to reduce file size where possible.",""
"H2: Missing","Warning","Low","10","45.450","Pages which have a missing <h2>, the content is empty or has a whitespace. The <h2> heading is often used to describe sections or topics within a document. They act as signposts for the user, and can help search engines understand the page.","Consider using logical and descriptive <h2>s on important pages that help the user and search engines better understand the page.",""
"Canonicals: Outside <head>","Issue","High","3","13.640","Pages with a canonical link element that is outside of the <head> element in the HTML. The canonical link element should be within the <head> element, or search engines will ignore it.","Ensure canonical link elements are in the <head> element of a page's HTML to be considered by search engines.",""
"Images: Missing Size Attributes","Opportunity","Low","17","94.440","Image elements without dimensions (width and height size attributes) specified in the HTML. This can cause large layout shifts as the page loads and be frustrating experience for users. It is one of the major reasons that contributes to a high Cumulative Layout Shift (CLS).","Define all image sizes as their native size using width and height attributes in the HTML. This allows the browser to calculate enough space for each image before it loads, avoiding large layout shifts.",""
"Meta Description: Outside <head>","Issue","Medium","3","13.640","Pages with a meta description that is outside of the <head> element in the HTML. The meta description should be within the <head> element, or search engines may ignore it.","Ensure meta descriptions are in the <head> element of a page's HTML so that search engines can choose to use them for their search engine result page snippets.",""
